<?xml version="1.0" encoding="UTF-8"?>

<!-- ===================================================================== -->
<!--                                                                       -->
<!--  Log4j2 Configuration                                                  -->
<!--                                                                       -->
<!-- ===================================================================== -->

<!--
   | For more configuration information and examples see the Apache Log4j2
   | website: https://logging.apache.org/log4j/2.x/index.html
-->

<Configuration status="WARN" dest="errors/statistics_log4j2_status.log">
    <!-- Extract log directory and file name into variables -->
    <Properties>
        <Property name="logDirectory">../logs/microservice/statistics</Property>
        <Property name="logFileName">microservice</Property>
    </Properties>

    <Appenders>
        <!-- RollingFileAppender configured to role every day -->
        <RollingFile name="FILE">
            <FileName>${logDirectory}/${logFileName}.log</FileName>
            <FilePattern>${logDirectory}/${logFileName}.%d{yyyy-MM-dd}.log
            </FilePattern>

            <!-- Compress log files to gzip -->
            <!-- More configuration https://logging.apache.org/log4j/2.x/manual/appenders.html#DefaultRolloverStrategy -->
            <!-- <FilePattern>/.%d{yyyy-MM-dd}.log.gz</FilePattern> -->

            <!-- Do not truncate file -->
            <Append>true</Append>

            <!-- The default pattern: Date Priority [Category] (Thread) Message\n -->
            <PatternLayout pattern="%d %-5p [%c] (%t) %m%n"/>

            <Policies>
                <!-- Rollover every microservice start - very useful for debugging -->
                <!-- <OnStartupTriggeringPolicy /> -->

                <!-- Rollover at the top of each day -->
                <TimeBasedTriggeringPolicy interval="1" modulate="true"/>

                <!-- Rollover if file size is greater than 200 MB -->
                <!-- <SizeBasedTriggeringPolicy size="200 MB"/> -->
            </Policies>
            <CreateOnDemand>true</CreateOnDemand>

            <!-- Keep last 10 log files -->
            <!-- More configuration https://logging.apache.org/log4j/2.x/manual/appenders.html#DefaultRolloverStrategy -->
            <!-- <DefaultRolloverStrategy max="10" /> -->
        </RollingFile>

        <!-- AsyncAppender for high performance -->
        <Async name="ASYNC_FILE">
            <BufferSize>1000</BufferSize>
            <AppenderRef ref="FILE"/>
        </Async>
    </Appenders>

    <Loggers>
        <!-- Setup for root logger with AsyncAppender -->
        <Root level="info">
            <AppenderRef ref="ASYNC_FILE"/>
        </Root>
    </Loggers>
</Configuration>